{
  "MeanAbsoluteError": 2.062626928427238,
  "MeanSquaredError": 8.513615621874052,
  "RootMeanSquaredError": 2.913859056629721,
  "LossFunction": 8.51361562151692,
  "RSquared": 0.9875762512353834
}