{
  "MeanAbsoluteError": 2.0848448431079314,
  "MeanSquaredError": 8.749140008076326,
  "RootMeanSquaredError": 2.952502505707155,
  "LossFunction": 8.74913999632398,
  "RSquared": 0.9872477545555375
}